0.0,0.0,5.0
0.0,0.0,5.0
0.0,0.0,0.0
7.5,5.0,0.0
1.25,5.0,0.0
0.0,6.25,0.0
0.0,8.75,0.0
1.25,10.0,0.0
7.5,10.0,0.0
7.5,0.0,0.0
7.5,0.0,5.0
23.0,5.0,5.0
23.0,5.0,0.0
29.25,5.0,0.0
30.5,3.75,0.0
30.5,1.25,0.0
29.25,0.0,0.0
23.0,0.0,0.0
23.0,10.0,0.0
30.5,10.0,0.0
30.5,10.0,5.0
36.0,5.0,5.0
36.0,5.0,0.0
42.25,5.0,0.0
43.5,3.75,0.0
43.5,1.25,0.0
42.25,0.0,0.0
36.0,0.0,0.0
36.0,10.0,0.0
36.0,10.0,5.0
46.0,10.0,5.0
46.0,10.0,0.0
46.0,0.0,0.0
46.0,0.0,5.0
49.0,0.0,5.0
49.0,0.0,0.0
50.25,0.0,0.0
51.5,1.25,0.0
51.5,10.0,0.0
59.0,10.0,0.0
59.0,0.0,0.0
59.0,0.0,5.0
72.0,5.0,5.0
72.0,5.0,0.0
78.25,5.0,0.0
79.5,3.75,0.0
79.5,1.25,0.0
78.25,0.0,0.0
72.0,0.0,0.0
72.0,10.0,0.0
79.5,10.0,0.0
79.5,10.0,5.0
85.0,5.0,5.0
85.0,5.0,0.0
91.25,5.0,0.0
92.5,3.75,0.0
92.5,1.25,0.0
91.25,0.0,0.0
85.0,0.0,0.0
85.0,10.0,0.0
85.0,10.0,5.0
95.0,10.0,5.0
95.0,10.0,0.0
95.0,0.0,0.0
95.0,0.0,5.0
108.0,0.0,5.0
108.0,0.0,0.0
108.0,10.0,0.0
108.0,10.0,5.0
108.0,5.0,5.0
108.0,5.0,0.0
115.5,5.0,0.0
115.5,5.0,5.0
115.5,10.0,5.0
115.5,10.0,0.0
115.5,0.0,0.0
115.5,0.0,5.0
128.5,0.0,5.0
128.5,0.0,0.0
121.0,0.0,0.0
121.0,10.0,0.0
128.5,10.0,0.0
128.5,10.0,5.0
121.0,5.0,5.0
121.0,5.0,0.0
128.5,5.0,0.0
128.5,5.0,5.0
141.5,1.25,5.0
141.5,1.25,0.0
140.25,0.0,0.0
135.25,0.0,0.0
134.0,1.25,0.0
134.0,8.75,0.0
135.25,10.0,0.0
140.25,10.0,0.0
141.5,8.75,0.0
141.5,8.75,5.0
147.0,10.0,5.0
147.0,10.0,0.0
147.0,5.0,0.0
154.5,5.0,0.0
154.5,5.0,5.0
154.5,10.0,5.0
154.5,10.0,0.0
154.5,0.0,0.0
154.5,0.0,5.0
160.0,0.0,5.0
160.0,0.0,0.0
165.0,10.0,0.0
170.0,0.0,0.0
170.0,0.0,5.0
162.5,5.0,5.0
162.5,5.0,0.0
167.5,5.0,0.0
167.5,5.0,5.0
180.5,1.25,5.0
180.5,1.25,0.0
179.25,0.0,0.0
174.25,0.0,0.0
173.0,1.25,0.0
173.0,8.75,0.0
174.25,10.0,0.0
179.25,10.0,0.0
180.5,8.75,0.0
180.5,8.75,5.0
186.0,10.0,5.0
186.0,10.0,0.0
196.0,10.0,0.0
196.0,10.0,5.0
191.0,10.0,5.0
191.0,10.0,0.0
191.0,0.0,0.0
191.0,0.0,5.0
199.0,0.0,5.0
199.0,0.0,0.0
200.25,0.0,0.0
201.5,1.25,0.0
201.5,10.0,0.0
209.0,10.0,0.0
209.0,0.0,0.0
209.0,0.0,5.0
212.0,10.0,5.0
212.0,10.0,0.0
212.0,0.0,0.0
219.5,10.0,0.0
219.5,0.0,0.0
219.5,0.0,5.0
225.0,0.0,5.0
225.0,0.0,0.0
225.0,10.0,0.0
231.25,10.0,0.0
232.5,8.75,0.0
232.5,6.25,0.0
231.25,5.0,0.0
225.0,5.0,0.0
225.0,5.0,5.0
231.25,5.0,5.0
231.25,5.0,0.0
232.5,3.75,0.0
232.5,1.25,0.0
231.25,0.0,0.0
225.0,0.0,0.0
225.0,0.0,5.0
245.5,0.0,5.0
245.5,0.0,0.0
238.0,0.0,0.0
238.0,10.0,0.0
245.5,10.0,0.0
245.5,10.0,5.0
238.0,5.0,5.0
238.0,5.0,0.0
245.5,5.0,0.0
245.5,5.0,5.0
251.0,10.0,5.0
251.0,10.0,0.0
251.0,0.0,0.0
258.5,10.0,0.0
258.5,0.0,0.0
258.5,0.0,5.0
253.5,10.0,5.0
253.5,10.0,0.0
256.0,10.0,0.0
256.0,10.0,5.0
264.0,10.0,5.0
264.0,10.0,0.0
264.0,0.0,0.0
274.0,0.0,0.0
274.0,10.0,0.0
274.0,10.0,5.0
269.0,10.0,5.0
269.0,10.0,0.0
269.0,0.0,0.0
269.0,0.0,5.0
277.0,10.0,5.0
277.0,10.0,0.0
277.0,0.0,0.0
284.5,10.0,0.0
284.5,0.0,0.0
284.5,0.0,5.0
290.0,0.0,5.0
290.0,0.0,0.0
290.0,10.0,0.0
295.0,5.0,0.0
300.0,10.0,0.0
300.0,0.0,0.0
300.0,0.0,5.0
0.0,-4.0,5.0
0.0,-4.0,0.0
0.0,-14.0,0.0
7.5,-4.0,0.0
7.5,-14.0,0.0
7.5,-14.0,5.0
13.0,-5.25,5.0
13.0,-5.25,0.0
14.25,-4.0,0.0
19.25,-4.0,0.0
20.5,-5.25,0.0
20.5,-7.75,0.0
18.0,-9.0,0.0
20.5,-10.75,0.0
20.5,-12.75,0.0
19.25,-14.0,0.0
14.25,-14.0,0.0
13.0,-12.75,0.0
13.0,-12.75,5.0
36.0,-14.0,5.0
36.0,-14.0,0.0
37.25,-14.0,0.0
38.5,-12.75,0.0
38.5,-4.0,0.0
46.0,-4.0,0.0
46.0,-14.0,0.0
46.0,-14.0,5.0
59.0,-12.75,5.0
59.0,-12.75,0.0
57.75,-14.0,0.0
52.75,-14.0,0.0
51.5,-12.75,0.0
51.5,-5.25,0.0
52.75,-4.0,0.0
57.75,-4.0,0.0
59.0,-5.25,0.0
59.0,-12.75,0.0
59.0,-12.75,5.0
49.0,-4.0,5.0
49.0,-4.0,0.0
49.0,-14.0,0.0
49.0,-14.0,5.0
49.0,-9.0,5.0
49.0,-9.0,0.0
51.5,-9.0,0.0
51.5,-9.0,5.0
62.0,-14.0,5.0
62.0,-14.0,0.0
62.0,-11.5,0.0
72.0,-11.5,0.0
72.0,-14.0,0.0
72.0,-14.0,5.0
64.5,-11.5,5.0
64.5,-11.5,0.0
64.5,-4.0,0.0
69.5,-4.0,0.0
69.5,-11.5,0.0
69.5,-11.5,5.0
82.5,-14.0,5.0
82.5,-14.0,0.0
75.0,-14.0,0.0
75.0,-4.0,0.0
82.5,-4.0,0.0
82.5,-4.0,5.0
75.0,-9.0,5.0
75.0,-9.0,0.0
82.5,-9.0,0.0
82.5,-9.0,5.0
88.0,-4.0,5.0
88.0,-4.0,0.0
88.0,-14.0,0.0
95.5,-4.0,0.0
95.5,-14.0,0.0
95.5,-14.0,5.0
90.5,-4.0,5.0
90.5,-4.0,0.0
93.0,-4.0,0.0
93.0,-4.0,5.0
101.0,-14.0,5.0
101.0,-14.0,0.0
102.25,-12.75,0.0
102.25,-12.75,5.0
131.5,-14.0,5.0
131.5,-14.0,0.0
124.0,-14.0,0.0
124.0,-4.0,0.0
131.5,-4.0,0.0
131.5,-4.0,5.0
124.0,-9.0,5.0
124.0,-9.0,0.0
131.5,-9.0,0.0
131.5,-9.0,5.0
137.0,-14.0,5.0
137.0,-14.0,0.0
147.0,-4.0,0.0
147.0,-4.0,5.0
137.0,-4.0,5.0
137.0,-4.0,0.0
147.0,-14.0,0.0
147.0,-14.0,5.0
142.0,-14.0,5.0
142.0,-14.0,0.0
142.0,-4.0,0.0
142.0,-4.0,5.0
157.5,-14.0,5.0
157.5,-14.0,0.0
150.0,-14.0,0.0
150.0,-4.0,0.0
157.5,-4.0,0.0
157.5,-4.0,5.0
150.0,-9.0,5.0
150.0,-9.0,0.0
157.5,-9.0,0.0
157.5,-9.0,5.0
163.0,-14.0,5.0
163.0,-14.0,0.0
164.25,-14.0,0.0
165.5,-12.75,0.0
165.5,-4.0,0.0
173.0,-4.0,0.0
173.0,-14.0,0.0
173.0,-14.0,5.0
176.0,-4.0,5.0
176.0,-4.0,0.0
176.0,-14.0,0.0
183.5,-4.0,0.0
183.5,-14.0,0.0
183.5,-14.0,5.0
199.0,-9.0,5.0
199.0,-9.0,0.0
205.25,-9.0,0.0
206.5,-10.25,0.0
206.5,-12.75,0.0
205.25,-14.0,0.0
199.0,-14.0,0.0
199.0,-4.0,0.0
206.5,-4.0,0.0
206.5,-4.0,5.0
212.0,-9.0,5.0
212.0,-9.0,0.0
218.25,-9.0,0.0
219.5,-10.25,0.0
219.5,-12.75,0.0
218.25,-14.0,0.0
212.0,-14.0,0.0
212.0,-4.0,0.0
212.0,-4.0,5.0
222.0,-4.0,5.0
222.0,-4.0,0.0
222.0,-14.0,0.0
222.0,-14.0,5.0
235.0,-14.0,5.0
235.0,-14.0,0.0
242.5,-9.0,0.0
236.25,-9.0,0.0
235.0,-7.75,0.0
235.0,-5.25,0.0
236.25,-4.0,0.0
242.5,-4.0,0.0
242.5,-14.0,0.0
242.5,-14.0,5.0
0.0,-28.0,5.0
0.0,-28.0,0.0
0.0,-18.0,0.0
0.0,-18.0,5.0
0.0,-23.0,5.0
0.0,-23.0,0.0
7.5,-23.0,0.0
7.5,-23.0,5.0
7.5,-18.0,5.0
7.5,-18.0,0.0
7.5,-28.0,0.0
7.5,-28.0,5.0
20.5,-28.0,5.0
20.5,-28.0,0.0
13.0,-28.0,0.0
13.0,-18.0,0.0
20.5,-18.0,0.0
20.5,-18.0,5.0
13.0,-23.0,5.0
13.0,-23.0,0.0
20.5,-23.0,0.0
20.5,-23.0,5.0
36.0,-28.0,5.0
36.0,-28.0,0.0
36.0,-18.0,0.0
36.0,-18.0,5.0
36.0,-23.0,5.0
36.0,-23.0,0.0
43.5,-23.0,0.0
43.5,-23.0,5.0
43.5,-18.0,5.0
43.5,-18.0,0.0
43.5,-28.0,0.0
43.5,-28.0,5.0
49.0,-28.0,5.0
49.0,-28.0,0.0
54.0,-18.0,0.0
59.0,-28.0,0.0
59.0,-28.0,5.0
51.5,-23.0,5.0
51.5,-23.0,0.0
56.5,-23.0,0.0
56.5,-23.0,5.0
62.0,-18.0,5.0
62.0,-18.0,0.0
62.0,-28.0,0.0
72.0,-28.0,0.0
72.0,-18.0,0.0
72.0,-18.0,5.0
67.0,-18.0,5.0
67.0,-18.0,0.0
67.0,-28.0,0.0
67.0,-28.0,5.0
82.5,-28.0,5.0
82.5,-28.0,0.0
75.0,-28.0,0.0
75.0,-18.0,0.0
82.5,-18.0,0.0
82.5,-18.0,5.0
75.0,-23.0,5.0
75.0,-23.0,0.0
82.5,-23.0,0.0
82.5,-23.0,5.0
88.0,-28.0,5.0
88.0,-28.0,0.0
89.25,-28.0,0.0
90.5,-26.75,0.0
90.5,-18.0,0.0
98.0,-18.0,0.0
98.0,-28.0,0.0
98.0,-28.0,5.0
111.0,-18.0,5.0
111.0,-18.0,0.0
111.0,-26.75,0.0
121.0,-26.75,0.0
121.0,-28.0,0.0
121.0,-28.0,5.0
118.5,-26.75,5.0
118.5,-26.75,0.0
118.5,-18.0,0.0
118.5,-18.0,5.0
131.5,-28.0,5.0
131.5,-28.0,0.0
124.0,-28.0,0.0
124.0,-18.0,0.0
131.5,-18.0,0.0
131.5,-18.0,5.0
124.0,-23.0,5.0
124.0,-23.0,0.0
131.5,-23.0,0.0
131.5,-23.0,5.0
137.0,-28.0,5.0
137.0,-28.0,0.0
138.25,-28.0,0.0
139.5,-26.75,0.0
139.5,-18.0,0.0
147.0,-18.0,0.0
147.0,-28.0,0.0
147.0,-28.0,5.0
150.0,-18.0,5.0
150.0,-18.0,0.0
150.0,-28.0,0.0
157.5,-18.0,0.0
157.5,-28.0,0.0
157.5,-28.0,5.0
173.0,-28.0,5.0
173.0,-28.0,0.0
173.0,-25.5,0.0
183.0,-25.5,0.0
183.0,-28.0,0.0
183.0,-28.0,5.0
175.5,-25.5,5.0
175.5,-25.5,0.0
175.5,-18.0,0.0
180.5,-18.0,0.0
180.5,-25.5,0.0
180.5,-25.5,5.0
186.0,-28.0,5.0
186.0,-28.0,0.0
187.25,-28.0,0.0
188.5,-26.75,0.0
188.5,-18.0,0.0
196.0,-18.0,0.0
196.0,-28.0,0.0
196.0,-28.0,5.0
199.0,-28.0,5.0
199.0,-28.0,0.0
206.5,-23.0,0.0
200.25,-23.0,0.0
199.0,-21.75,0.0
199.0,-19.25,0.0
200.25,-18.0,0.0
206.5,-18.0,0.0
206.5,-28.0,0.0
206.5,-28.0,5.0
222.0,-28.0,5.0
222.0,-28.0,0.0
222.0,-18.0,0.0
227.0,-23.0,0.0
232.0,-18.0,0.0
232.0,-28.0,0.0
232.0,-28.0,5.0
242.5,-26.75,5.0
242.5,-26.75,0.0
241.25,-28.0,0.0
236.25,-28.0,0.0
235.0,-26.75,0.0
235.0,-19.25,0.0
236.25,-18.0,0.0
241.25,-18.0,0.0
242.5,-19.25,0.0
242.5,-26.75,0.0
242.5,-26.75,5.0
255.5,-28.0,5.0
255.5,-28.0,0.0
248.0,-28.0,0.0
248.0,-18.0,0.0
255.5,-18.0,0.0
255.5,-18.0,5.0
248.0,-23.0,5.0
248.0,-23.0,0.0
255.5,-23.0,0.0
255.5,-23.0,5.0
261.0,-18.0,5.0
261.0,-18.0,0.0
261.0,-28.0,0.0
268.5,-18.0,0.0
268.5,-28.0,0.0
268.5,-28.0,5.0
263.5,-18.0,5.0
263.5,-18.0,0.0
266.0,-18.0,0.0
266.0,-18.0,5.0
0.0,-42.0,5.0
0.0,-42.0,0.0
10.0,-32.0,0.0
10.0,-32.0,5.0
0.0,-32.0,5.0
0.0,-32.0,0.0
10.0,-42.0,0.0
10.0,-42.0,5.0
5.0,-42.0,5.0
5.0,-42.0,0.0
5.0,-32.0,0.0
5.0,-32.0,5.0
13.0,-32.0,5.0
13.0,-32.0,0.0
13.0,-42.0,0.0
20.5,-32.0,0.0
20.5,-42.0,0.0
20.5,-42.0,5.0
26.0,-33.25,5.0
26.0,-33.25,0.0
27.25,-32.0,0.0
32.25,-32.0,0.0
33.5,-33.25,0.0
33.5,-35.75,0.0
31.0,-37.0,0.0
33.5,-38.75,0.0
33.5,-40.75,0.0
32.25,-42.0,0.0
27.25,-42.0,0.0
26.0,-40.75,0.0
26.0,-40.75,5.0
39.0,-42.0,5.0
39.0,-42.0,0.0
39.0,-32.0,0.0
39.0,-32.0,5.0
39.0,-37.0,5.0
39.0,-37.0,0.0
46.5,-37.0,0.0
46.5,-37.0,5.0
46.5,-32.0,5.0
46.5,-32.0,0.0
46.5,-42.0,0.0
46.5,-42.0,5.0
52.0,-32.0,5.0
52.0,-32.0,0.0
52.0,-42.0,0.0
59.5,-32.0,0.0
59.5,-42.0,0.0
59.5,-42.0,5.0
77.5,-37.0,5.0
77.5,-37.0,0.0
82.5,-37.0,0.0
82.5,-37.0,5.0
98.0,-32.0,5.0
98.0,-32.0,0.0
98.0,-40.75,0.0
108.0,-40.75,0.0
108.0,-42.0,0.0
108.0,-42.0,5.0
105.5,-40.75,5.0
105.5,-40.75,0.0
105.5,-32.0,0.0
105.5,-32.0,5.0
118.5,-42.0,5.0
118.5,-42.0,0.0
111.0,-42.0,0.0
111.0,-32.0,0.0
118.5,-32.0,0.0
118.5,-32.0,5.0
111.0,-37.0,5.0
111.0,-37.0,0.0
118.5,-37.0,0.0
118.5,-37.0,5.0
124.0,-42.0,5.0
124.0,-42.0,0.0
125.25,-42.0,0.0
126.5,-40.75,0.0
126.5,-32.0,0.0
134.0,-32.0,0.0
134.0,-42.0,0.0
134.0,-42.0,5.0
137.0,-32.0,5.0
137.0,-32.0,0.0
137.0,-42.0,0.0
144.5,-32.0,0.0
144.5,-42.0,0.0
144.5,-42.0,5.0
167.5,-40.75,5.0
167.5,-40.75,0.0
166.25,-42.0,0.0
161.25,-42.0,0.0
160.0,-40.75,0.0
160.0,-33.25,0.0
161.25,-32.0,0.0
166.25,-32.0,0.0
167.5,-33.25,0.0
167.5,-40.75,0.0
167.5,-40.75,5.0
173.0,-37.0,5.0
173.0,-37.0,0.0
179.25,-37.0,0.0
180.5,-38.25,0.0
180.5,-40.75,0.0
179.25,-42.0,0.0
173.0,-42.0,0.0
173.0,-32.0,0.0
180.5,-32.0,0.0
180.5,-32.0,5.0
186.0,-32.0,5.0
186.0,-32.0,0.0
186.0,-40.75,0.0
196.0,-40.75,0.0
196.0,-42.0,0.0
196.0,-42.0,5.0
190.0,-32.0,5.0
190.0,-32.0,0.0
190.0,-40.75,0.0
190.0,-40.75,5.0
194.0,-32.0,5.0
194.0,-32.0,0.0
194.0,-40.75,0.0
194.0,-40.75,5.0
206.5,-42.0,5.0
206.5,-42.0,0.0
199.0,-42.0,0.0
199.0,-32.0,0.0
206.5,-32.0,0.0
206.5,-32.0,5.0
199.0,-37.0,5.0
199.0,-37.0,0.0
206.5,-37.0,0.0
206.5,-37.0,5.0
212.0,-32.0,5.0
212.0,-32.0,0.0
212.0,-42.0,0.0
219.5,-32.0,0.0
219.5,-42.0,0.0
219.5,-42.0,5.0
214.5,-32.0,5.0
214.5,-32.0,0.0
217.0,-32.0,0.0
217.0,-32.0,5.0
235.0,-32.0,5.0
235.0,-32.0,0.0
235.0,-42.0,0.0
242.5,-32.0,0.0
242.5,-42.0,0.0
242.5,-42.0,5.0
258.0,-42.0,5.0
258.0,-42.0,0.0
258.0,-32.0,0.0
265.5,-32.0,0.0
265.5,-42.0,0.0
265.5,-42.0,5.0
278.5,-40.75,5.0
278.5,-40.75,0.0
277.25,-42.0,0.0
272.25,-42.0,0.0
271.0,-40.75,0.0
271.0,-33.25,0.0
272.25,-32.0,0.0
277.25,-32.0,0.0
278.5,-33.25,0.0
278.5,-40.75,0.0
278.5,-40.75,5.0
284.0,-42.0,5.0
284.0,-42.0,0.0
285.25,-42.0,0.0
286.5,-40.75,0.0
286.5,-32.0,0.0
294.0,-32.0,0.0
294.0,-42.0,0.0
294.0,-42.0,5.0
304.5,-42.0,5.0
304.5,-42.0,0.0
297.0,-42.0,0.0
297.0,-32.0,0.0
304.5,-32.0,0.0
304.5,-32.0,5.0
297.0,-37.0,5.0
297.0,-37.0,0.0
304.5,-37.0,0.0
304.5,-37.0,5.0
310.0,-33.25,5.0
310.0,-33.25,0.0
311.25,-32.0,0.0
316.25,-32.0,0.0
317.5,-33.25,0.0
317.5,-35.75,0.0
315.0,-37.0,0.0
317.5,-38.75,0.0
317.5,-40.75,0.0
316.25,-42.0,0.0
311.25,-42.0,0.0
310.0,-40.75,0.0
310.0,-40.75,5.0
323.0,-42.0,5.0
323.0,-42.0,0.0
323.0,-32.0,0.0
323.0,-32.0,5.0
323.0,-37.0,5.0
323.0,-37.0,0.0
330.5,-37.0,0.0
330.5,-37.0,5.0
330.5,-32.0,5.0
330.5,-32.0,0.0
330.5,-42.0,0.0
330.5,-42.0,5.0
343.5,-40.75,5.0
343.5,-40.75,0.0
342.25,-42.0,0.0
337.25,-42.0,0.0
336.0,-40.75,0.0
336.0,-33.25,0.0
337.25,-32.0,0.0
342.25,-32.0,0.0
343.5,-33.25,0.0
343.5,-40.75,0.0
343.5,-40.75,5.0
349.0,-32.0,5.0
349.0,-32.0,0.0
349.0,-42.0,0.0
356.5,-32.0,0.0
356.5,-42.0,0.0
356.5,-42.0,5.0
351.5,-32.0,5.0
351.5,-32.0,0.0
354.0,-32.0,0.0
354.0,-32.0,5.0
362.0,-42.0,5.0
362.0,-42.0,0.0
362.0,-42.0,5.0
0.0,-46.0,5.0
0.0,-46.0,0.0
10.0,-46.0,0.0
10.0,-46.0,5.0
5.0,-46.0,5.0
5.0,-46.0,0.0
5.0,-56.0,0.0
5.0,-56.0,5.0
20.5,-56.0,5.0
20.5,-56.0,0.0
13.0,-56.0,0.0
13.0,-46.0,0.0
20.5,-46.0,0.0
20.5,-46.0,5.0
13.0,-51.0,5.0
13.0,-51.0,0.0
20.5,-51.0,0.0
20.5,-51.0,5.0
26.0,-56.0,5.0
26.0,-56.0,0.0
26.0,-46.0,0.0
33.5,-46.0,0.0
33.5,-56.0,0.0
33.5,-56.0,5.0
46.5,-56.0,5.0
46.5,-56.0,0.0
39.0,-56.0,0.0
39.0,-46.0,0.0
46.5,-46.0,0.0
46.5,-46.0,5.0
39.0,-51.0,5.0
39.0,-51.0,0.0
46.5,-51.0,0.0
46.5,-51.0,5.0
52.0,-56.0,5.0
52.0,-56.0,0.0
52.0,-46.0,0.0
58.25,-46.0,0.0
59.5,-47.25,0.0
59.5,-49.75,0.0
58.25,-51.0,0.0
52.0,-51.0,0.0
52.0,-51.0,5.0
65.0,-51.0,5.0
65.0,-51.0,0.0
71.25,-51.0,0.0
72.5,-52.25,0.0
72.5,-54.75,0.0
71.25,-56.0,0.0
65.0,-56.0,0.0
65.0,-46.0,0.0
65.0,-46.0,5.0
88.0,-56.0,5.0
88.0,-56.0,0.0
98.0,-46.0,0.0
98.0,-46.0,5.0
88.0,-46.0,5.0
88.0,-46.0,0.0
98.0,-56.0,0.0
98.0,-56.0,5.0
93.0,-56.0,5.0
93.0,-56.0,0.0
93.0,-46.0,0.0
93.0,-46.0,5.0
108.5,-56.0,5.0
108.5,-56.0,0.0
101.0,-56.0,0.0
101.0,-46.0,0.0
108.5,-46.0,0.0
108.5,-46.0,5.0
101.0,-51.0,5.0
101.0,-51.0,0.0
108.5,-51.0,0.0
108.5,-51.0,5.0
124.0,-56.0,5.0
124.0,-56.0,0.0
134.0,-46.0,0.0
134.0,-46.0,5.0
124.0,-46.0,5.0
124.0,-46.0,0.0
134.0,-56.0,0.0
134.0,-56.0,5.0
129.0,-56.0,5.0
129.0,-56.0,0.0
129.0,-46.0,0.0
129.0,-46.0,5.0
137.0,-46.0,5.0
137.0,-46.0,0.0
137.0,-56.0,0.0
144.5,-46.0,0.0
144.5,-56.0,0.0
144.5,-56.0,5.0
150.0,-47.25,5.0
150.0,-47.25,0.0
151.25,-46.0,0.0
156.25,-46.0,0.0
157.5,-47.25,0.0
157.5,-49.75,0.0
155.0,-51.0,0.0
157.5,-52.75,0.0
157.5,-54.75,0.0
156.25,-56.0,0.0
151.25,-56.0,0.0
150.0,-54.75,0.0
150.0,-54.75,5.0
163.0,-56.0,5.0
163.0,-56.0,0.0
163.0,-46.0,0.0
163.0,-46.0,5.0
163.0,-51.0,5.0
163.0,-51.0,0.0
170.5,-51.0,0.0
170.5,-51.0,5.0
170.5,-46.0,5.0
170.5,-46.0,0.0
170.5,-56.0,0.0
170.5,-56.0,5.0
176.0,-51.0,5.0
176.0,-51.0,0.0
182.25,-51.0,0.0
183.5,-52.25,0.0
183.5,-54.75,0.0
182.25,-56.0,0.0
176.0,-56.0,0.0
176.0,-46.0,0.0
176.0,-46.0,5.0
199.0,-56.0,5.0
199.0,-56.0,0.0
199.0,-46.0,0.0
204.0,-51.0,0.0
209.0,-46.0,0.0
209.0,-56.0,0.0
209.0,-56.0,5.0
219.5,-54.75,5.0
219.5,-54.75,0.0
218.25,-56.0,0.0
213.25,-56.0,0.0
212.0,-54.75,0.0
212.0,-47.25,0.0
213.25,-46.0,0.0
218.25,-46.0,0.0
219.5,-47.25,0.0
219.5,-54.75,0.0
219.5,-54.75,5.0
225.0,-56.0,5.0
225.0,-56.0,0.0
232.5,-51.0,0.0
226.25,-51.0,0.0
225.0,-49.75,0.0
225.0,-47.25,0.0
226.25,-46.0,0.0
232.5,-46.0,0.0
232.5,-56.0,0.0
232.5,-56.0,5.0
248.0,-51.0,5.0
248.0,-51.0,0.0
254.25,-51.0,0.0
255.5,-52.25,0.0
255.5,-54.75,0.0
254.25,-56.0,0.0
248.0,-56.0,0.0
248.0,-46.0,0.0
255.5,-46.0,0.0
255.5,-46.0,5.0
261.0,-56.0,5.0
261.0,-56.0,0.0
268.5,-46.0,0.0
268.5,-46.0,5.0
261.0,-46.0,5.0
261.0,-46.0,0.0
264.75,-51.0,0.0
264.75,-51.0,5.0
274.0,-56.0,5.0
274.0,-56.0,0.0
274.0,-53.5,0.0
284.0,-53.5,0.0
284.0,-56.0,0.0
284.0,-56.0,5.0
276.5,-53.5,5.0
276.5,-53.5,0.0
276.5,-46.0,0.0
281.5,-46.0,0.0
281.5,-53.5,0.0
281.5,-53.5,5.0
294.5,-56.0,5.0
294.5,-56.0,0.0
287.0,-56.0,0.0
287.0,-46.0,0.0
294.5,-46.0,0.0
294.5,-46.0,5.0
287.0,-51.0,5.0
287.0,-51.0,0.0
294.5,-51.0,0.0
294.5,-51.0,5.0
300.0,-46.0,5.0
300.0,-46.0,0.0
310.0,-46.0,0.0
310.0,-46.0,5.0
305.0,-46.0,5.0
305.0,-46.0,0.0
305.0,-56.0,0.0
305.0,-56.0,5.0
323.0,-56.0,5.0
323.0,-56.0,0.0
323.0,-46.0,0.0
329.25,-46.0,0.0
330.5,-47.25,0.0
330.5,-49.75,0.0
329.25,-51.0,0.0
323.0,-51.0,0.0
323.0,-51.0,5.0
329.25,-51.0,5.0
329.25,-51.0,0.0
330.5,-52.25,0.0
330.5,-54.75,0.0
329.25,-56.0,0.0
323.0,-56.0,0.0
323.0,-56.0,5.0
343.5,-54.75,5.0
343.5,-54.75,0.0
342.25,-56.0,0.0
337.25,-56.0,0.0
336.0,-54.75,0.0
336.0,-47.25,0.0
337.25,-46.0,0.0
342.25,-46.0,0.0
343.5,-47.25,0.0
343.5,-47.25,5.0
349.0,-56.0,5.0
349.0,-56.0,0.0
356.5,-51.0,0.0
350.25,-51.0,0.0
349.0,-49.75,0.0
349.0,-47.25,0.0
350.25,-46.0,0.0
356.5,-46.0,0.0
356.5,-56.0,0.0
356.5,-56.0,5.0
7.5,-68.75,5.0
7.5,-68.75,0.0
6.25,-70.0,0.0
1.25,-70.0,0.0
0.0,-68.75,0.0
0.0,-61.25,0.0
1.25,-60.0,0.0
6.25,-60.0,0.0
7.5,-61.25,0.0
7.5,-61.25,5.0
13.0,-60.0,5.0
13.0,-60.0,0.0
23.0,-60.0,0.0
23.0,-60.0,5.0
18.0,-60.0,5.0
18.0,-60.0,0.0
18.0,-70.0,0.0
18.0,-70.0,5.0
26.0,-70.0,5.0
26.0,-70.0,0.0
26.0,-60.0,0.0
32.25,-60.0,0.0
33.5,-61.25,0.0
33.5,-63.75,0.0
32.25,-65.0,0.0
26.0,-65.0,0.0
26.0,-65.0,5.0
46.5,-70.0,5.0
46.5,-70.0,0.0
39.0,-70.0,0.0
39.0,-60.0,0.0
46.5,-60.0,0.0
46.5,-60.0,5.0
39.0,-65.0,5.0
39.0,-65.0,0.0
46.5,-65.0,0.0
46.5,-65.0,5.0
52.0,-70.0,5.0
52.0,-70.0,0.0
52.0,-60.0,0.0
57.0,-65.0,0.0
62.0,-60.0,0.0
62.0,-70.0,0.0
62.0,-70.0,5.0
65.0,-70.0,5.0
65.0,-70.0,0.0
66.25,-70.0,0.0
67.5,-68.75,0.0
67.5,-60.0,0.0
75.0,-60.0,0.0
75.0,-70.0,0.0
75.0,-70.0,5.0
85.5,-70.0,5.0
85.5,-70.0,0.0
78.0,-70.0,0.0
78.0,-60.0,0.0
85.5,-60.0,0.0
85.5,-60.0,5.0
78.0,-65.0,5.0
78.0,-65.0,0.0
85.5,-65.0,0.0
85.5,-65.0,5.0
91.0,-70.0,5.0
91.0,-70.0,0.0
91.0,-60.0,0.0
91.0,-60.0,5.0
91.0,-65.0,5.0
91.0,-65.0,0.0
98.5,-65.0,0.0
98.5,-65.0,5.0
98.5,-60.0,5.0
98.5,-60.0,0.0
98.5,-70.0,0.0
98.5,-70.0,5.0
104.0,-60.0,5.0
104.0,-60.0,0.0
104.0,-70.0,0.0
111.5,-60.0,0.0
111.5,-70.0,0.0
111.5,-70.0,5.0
124.5,-70.0,5.0
124.5,-70.0,0.0
117.0,-70.0,0.0
117.0,-60.0,0.0
124.5,-60.0,0.0
124.5,-60.0,5.0
117.0,-65.0,5.0
117.0,-65.0,0.0
124.5,-65.0,0.0
124.5,-65.0,5.0
130.0,-70.0,5.0
130.0,-70.0,0.0
130.0,-60.0,0.0
135.0,-65.0,0.0
140.0,-60.0,0.0
140.0,-70.0,0.0
140.0,-70.0,5.0
153.0,-70.0,5.0
153.0,-70.0,0.0
153.0,-67.5,0.0
163.0,-67.5,0.0
163.0,-70.0,0.0
163.0,-70.0,5.0
155.5,-67.5,5.0
155.5,-67.5,0.0
155.5,-60.0,0.0
160.5,-60.0,0.0
160.5,-67.5,0.0
160.5,-67.5,5.0
173.5,-70.0,5.0
173.5,-70.0,0.0
166.0,-70.0,0.0
166.0,-60.0,0.0
173.5,-60.0,0.0
173.5,-60.0,5.0
166.0,-65.0,5.0
166.0,-65.0,0.0
173.5,-65.0,0.0
173.5,-65.0,5.0
179.0,-70.0,5.0
179.0,-70.0,0.0
186.5,-65.0,0.0
180.25,-65.0,0.0
179.0,-63.75,0.0
179.0,-61.25,0.0
180.25,-60.0,0.0
186.5,-60.0,0.0
186.5,-70.0,0.0
186.5,-70.0,5.0
192.0,-60.0,5.0
192.0,-60.0,0.0
202.0,-60.0,0.0
202.0,-60.0,5.0
197.0,-60.0,5.0
197.0,-60.0,0.0
197.0,-70.0,0.0
197.0,-70.0,5.0
212.5,-70.0,5.0
212.5,-70.0,0.0
205.0,-70.0,0.0
205.0,-60.0,0.0
212.5,-60.0,0.0
212.5,-60.0,5.0
205.0,-65.0,5.0
205.0,-65.0,0.0
212.5,-65.0,0.0
212.5,-65.0,5.0
218.0,-70.0,5.0
218.0,-70.0,0.0
219.25,-70.0,0.0
220.5,-68.75,0.0
220.5,-60.0,0.0
228.0,-60.0,0.0
228.0,-70.0,0.0
228.0,-70.0,5.0
231.0,-65.0,5.0
231.0,-65.0,0.0
237.25,-65.0,0.0
238.5,-66.25,0.0
238.5,-68.75,0.0
237.25,-70.0,0.0
231.0,-70.0,0.0
231.0,-60.0,0.0
231.0,-60.0,5.0
244.0,-70.0,5.0
244.0,-70.0,0.0
244.0,-60.0,0.0
244.0,-60.0,5.0
244.0,-65.0,5.0
244.0,-65.0,0.0
251.5,-65.0,0.0
251.5,-65.0,5.0
251.5,-60.0,5.0
251.5,-60.0,0.0
251.5,-70.0,0.0
251.5,-70.0,5.0
257.0,-65.0,5.0
257.0,-65.0,0.0
263.25,-65.0,0.0
264.5,-66.25,0.0
264.5,-68.75,0.0
263.25,-70.0,0.0
257.0,-70.0,0.0
257.0,-60.0,0.0
257.0,-60.0,5.0
267.0,-60.0,5.0
267.0,-60.0,0.0
267.0,-70.0,0.0
267.0,-70.0,5.0
270.0,-70.0,5.0
270.0,-70.0,0.0
270.0,-60.0,0.0
275.0,-65.0,0.0
280.0,-60.0,0.0
280.0,-70.0,0.0
280.0,-70.0,5.0
293.0,-60.0,5.0
293.0,-60.0,0.0
293.0,-70.0,0.0
300.5,-60.0,0.0
300.5,-70.0,0.0
300.5,-70.0,5.0
0.0,-84.0,5.0
0.0,-84.0,0.0
0.0,-74.0,0.0
7.5,-74.0,0.0
7.5,-84.0,0.0
7.5,-84.0,5.0
20.5,-82.75,5.0
20.5,-82.75,0.0
19.25,-84.0,0.0
14.25,-84.0,0.0
13.0,-82.75,0.0
13.0,-75.25,0.0
14.25,-74.0,0.0
19.25,-74.0,0.0
20.5,-75.25,0.0
20.5,-82.75,0.0
20.5,-82.75,5.0
33.5,-82.75,5.0
33.5,-82.75,0.0
32.25,-84.0,0.0
27.25,-84.0,0.0
26.0,-82.75,0.0
26.0,-75.25,0.0
27.25,-74.0,0.0
32.25,-74.0,0.0
33.5,-75.25,0.0
33.5,-75.25,5.0
39.0,-74.0,5.0
39.0,-74.0,0.0
49.0,-74.0,0.0
49.0,-74.0,5.0
44.0,-74.0,5.0
44.0,-74.0,0.0
44.0,-84.0,0.0
44.0,-84.0,5.0
59.5,-82.75,5.0
59.5,-82.75,0.0
58.25,-84.0,0.0
53.25,-84.0,0.0
52.0,-82.75,0.0
52.0,-75.25,0.0
53.25,-74.0,0.0
58.25,-74.0,0.0
59.5,-75.25,0.0
59.5,-82.75,0.0
59.5,-82.75,5.0
65.0,-84.0,5.0
65.0,-84.0,0.0
72.5,-79.0,0.0
66.25,-79.0,0.0
65.0,-77.75,0.0
65.0,-75.25,0.0
66.25,-74.0,0.0
72.5,-74.0,0.0
72.5,-84.0,0.0
72.5,-84.0,5.0
78.0,-84.0,5.0
78.0,-84.0,0.0
78.0,-74.0,0.0
78.0,-74.0,5.0
78.0,-79.0,5.0
78.0,-79.0,0.0
85.5,-79.0,0.0
85.5,-79.0,5.0
85.5,-74.0,5.0
85.5,-74.0,0.0
85.5,-84.0,0.0
85.5,-84.0,5.0
91.0,-84.0,5.0
91.0,-84.0,0.0
91.0,-74.0,0.0
91.0,-74.0,5.0
91.0,-79.0,5.0
91.0,-79.0,0.0
98.5,-79.0,0.0
98.5,-79.0,5.0
98.5,-74.0,5.0
98.5,-74.0,0.0
98.5,-84.0,0.0
98.5,-84.0,5.0
104.0,-79.0,5.0
104.0,-79.0,0.0
110.25,-79.0,0.0
111.5,-80.25,0.0
111.5,-82.75,0.0
110.25,-84.0,0.0
104.0,-84.0,0.0
104.0,-74.0,0.0
104.0,-74.0,5.0
114.0,-74.0,5.0
114.0,-74.0,0.0
114.0,-84.0,0.0
114.0,-84.0,5.0
117.0,-84.0,5.0
117.0,-84.0,0.0
117.0,-74.0,0.0
122.0,-79.0,0.0
127.0,-74.0,0.0
127.0,-84.0,0.0
127.0,-84.0,5.0
140.0,-84.0,5.0
140.0,-84.0,0.0
140.0,-74.0,0.0
140.0,-74.0,5.0
147.5,-74.0,5.0
147.5,-74.0,0.0
140.0,-79.0,0.0
147.5,-84.0,0.0
147.5,-84.0,5.0
163.0,-75.25,5.0
163.0,-75.25,0.0
164.25,-74.0,0.0
169.25,-74.0,0.0
170.5,-75.25,0.0
170.5,-82.75,0.0
169.25,-84.0,0.0
164.25,-84.0,0.0
163.0,-82.75,0.0
163.0,-82.75,5.0
164.25,-79.0,5.0
164.25,-79.0,0.0
170.5,-79.0,0.0
170.5,-79.0,5.0
176.0,-74.0,5.0
176.0,-74.0,0.0
186.0,-74.0,0.0
186.0,-74.0,5.0
181.0,-74.0,5.0
181.0,-74.0,0.0
181.0,-84.0,0.0
181.0,-84.0,5.0
196.5,-82.75,5.0
196.5,-82.75,0.0
195.25,-84.0,0.0
190.25,-84.0,0.0
189.0,-82.75,0.0
189.0,-75.25,0.0
190.25,-74.0,0.0
195.25,-74.0,0.0
196.5,-75.25,0.0
196.5,-82.75,0.0
196.5,-82.75,5.0
202.0,-74.0,5.0
202.0,-74.0,0.0
202.0,-84.0,0.0
209.5,-74.0,0.0
209.5,-84.0,0.0
209.5,-84.0,5.0
204.5,-74.0,5.0
204.5,-74.0,0.0
207.0,-74.0,0.0
207.0,-74.0,5.0
232.5,-82.75,5.0
232.5,-82.75,0.0
231.25,-84.0,0.0
226.25,-84.0,0.0
225.0,-82.75,0.0
225.0,-75.25,0.0
226.25,-74.0,0.0
231.25,-74.0,0.0
232.5,-75.25,0.0
232.5,-82.75,0.0
232.5,-82.75,5.0
238.0,-84.0,5.0
238.0,-84.0,0.0
238.0,-81.5,0.0
248.0,-81.5,0.0
248.0,-84.0,0.0
248.0,-84.0,5.0
240.5,-81.5,5.0
240.5,-81.5,0.0
240.5,-74.0,0.0
245.5,-74.0,0.0
245.5,-81.5,0.0
245.5,-81.5,5.0
251.0,-84.0,5.0
251.0,-84.0,0.0
251.0,-74.0,0.0
251.0,-74.0,5.0
251.0,-79.0,5.0
251.0,-79.0,0.0
258.5,-79.0,0.0
258.5,-79.0,5.0
258.5,-74.0,5.0
258.5,-74.0,0.0
258.5,-84.0,0.0
258.5,-84.0,5.0
271.5,-82.75,5.0
271.5,-82.75,0.0
270.25,-84.0,0.0
265.25,-84.0,0.0
264.0,-82.75,0.0
264.0,-75.25,0.0
265.25,-74.0,0.0
270.25,-74.0,0.0
271.5,-75.25,0.0
271.5,-82.75,0.0
271.5,-82.75,5.0
277.0,-74.0,5.0
277.0,-74.0,0.0
277.0,-84.0,0.0
284.5,-74.0,0.0
284.5,-84.0,0.0
284.5,-84.0,5.0
279.5,-74.0,5.0
279.5,-74.0,0.0
282.0,-74.0,0.0
282.0,-74.0,5.0
300.0,-74.0,5.0
300.0,-74.0,0.0
300.0,-82.75,0.0
310.0,-82.75,0.0
310.0,-84.0,0.0
310.0,-84.0,5.0
307.5,-82.75,5.0
307.5,-82.75,0.0
307.5,-74.0,0.0
307.5,-74.0,5.0
320.5,-84.0,5.0
320.5,-84.0,0.0
313.0,-84.0,0.0
313.0,-74.0,0.0
320.5,-74.0,0.0
320.5,-74.0,5.0
313.0,-79.0,5.0
313.0,-79.0,0.0
320.5,-79.0,0.0
320.5,-79.0,5.0
326.0,-84.0,5.0
326.0,-84.0,0.0
327.25,-84.0,0.0
328.5,-82.75,0.0
328.5,-74.0,0.0
336.0,-74.0,0.0
336.0,-84.0,0.0
336.0,-84.0,5.0
339.0,-74.0,5.0
339.0,-74.0,0.0
339.0,-84.0,0.0
346.5,-74.0,0.0
346.5,-84.0,0.0
346.5,-84.0,5.0
352.0,-84.0,5.0
352.0,-84.0,0.0
352.0,-84.0,5.0
